Workbook

Sheet unit
A1: parameter | B1: candidate_units | C1: unit_investment_cost | D1: candidate_units (MGA) | E1: unit_investment_cost (MGA) | F1: alternative
A2: unit
A3: Electric Heater (MFH 80kW)_Anglikon_B-LVL_MFH | B3: 44 | C3: 15.2 | D3: 1 | E3: =B3*C3 -> 668.8 | F3: MGA-invest
A4: Electric Heater (MFH 80kW)_Oberdorf_B-LVL_MFH | B4: 71 | C4: 15.2 | D4: 1 | E4: =B4*C4 -> 1079.2 | F4: MGA-invest
A5: Electric Heater (MFH 80kW)_Town_B-LVL_MFH | B5: 537 | C5: 15.2 | D5: 1 | E5: =B5*C5 -> 8162.4 | F5: MGA-invest
A6: Electric Heater (SFH 17kW)_Anglikon_B-LVL_SFH | B6: 279 | C6: 10.88 | D6: 1 | E6: =B6*C6 -> 3035.52 | F6: MGA-invest
A7: Electric Heater (SFH 17kW)_Oberdorf_B-LVL_SFH | B7: 530 | C7: 10.88 | D7: 1 | E7: =B7*C7 -> 5766.4 | F7: MGA-invest
A8: Electric Heater (SFH 17kW)_Town_B-LVL_SFH | B8: 1714 | C8: 10.88 | D8: 1 | E8: =B8*C8 -> 18648.32 | F8: MGA-invest
A9: Gas Heater (MFH 80kW)_Anglikon_B-LVL_MFH | B9: 44 | C9: 80 | D9: 1 | E9: =B9*C9 -> 3520 | F9: MGA-invest
A10: Gas Heater (MFH 80kW)_Oberdorf_B-LVL_MFH | B10: 71 | C10: 80 | D10: 1 | E10: =B10*C10 -> 5680 | F10: MGA-invest
A11: Gas Heater (MFH 80kW)_Town_B-LVL_MFH | B11: 537 | C11: 80 | D11: 1 | E11: =B11*C11 -> 42960 | F11: MGA-invest
A12: Gas Heater (SFH 17kW)_Anglikon_B-LVL_SFH | B12: 279 | C12: 80 | D12: 1 | E12: =B12*C12 -> 22320 | F12: MGA-invest
A13: Gas Heater (SFH 17kW)_Oberdorf_B-LVL_SFH | B13: 530 | C13: 80 | D13: 1 | E13: =B13*C13 -> 42400 | F13: MGA-invest
A14: Gas Heater (SFH 17kW)_Town_B-LVL_SFH | B14: 1714 | C14: 80 | D14: 1 | E14: =B14*C14 -> 137120 | F14: MGA-invest
... A120: Wood Pellet CHP (25 MW)_D-LVL_Town | B120: 4 | C120: 71205 | D120: 1 | E120: =B120*C120 -> 284820 | F120: MGA-invest
A122: These technologies are ignored for MGA
A123: Heat Pump (ground MFH 80kW)_Anglikon_B-LVL_MFH
A124: Heat Pump (ground MFH 80kW)_Oberdorf_B-LVL_MFH
A125: Heat Pump (ground MFH 80kW)_Town_B-LVL_MFH
A126: Heat Pump (ground SFH 17kW)_Anglikon_B-LVL_SFH
A127: Heat Pump (ground SFH 17kW)_Oberdorf_B-LVL_SFH
A128: Heat Pump (ground SFH 17kW)_Town_B-LVL_SFH

Sheet unit_from_node
B1: parameter | C1: unit_capacity | D1: candidate_units | E1: unit_capacity (MGA)
A2: unit | B2: node
A3: CO2_emission | B3: CO2_M-LVL
A4: ElecExport_Town | B4: Electricity_D-LVL_Town | C4: 16
A5: Electric Heater (MFH 80kW)_Anglikon_B-LVL_MFH | B5: Electricity_Anglikon_B-LVL_MFH | D5: =IF(C5="","",VLOOKUP(A5,unit!$A$3:$B$120,2,FALSE)) | E5: =IF(C5<>"",C5*D5,"")
A6: Electric Heater (MFH 80kW)_Oberdorf_B-LVL_MFH | B6: Electricity_Oberdorf_B-LVL_MFH | D6: =IF(C6="","",VLOOKUP(A6,unit!$A$3:$B$120,2,FALSE)) | E6: =IF(C6<>"",C6*D6,"")
A7: Electric Heater (MFH 80kW)_Town_B-LVL_MFH | B7: Electricity_Town_B-LVL_MFH | D7: =IF(C7="","",VLOOKUP(A7,unit!$A$3:$B$120,2,FALSE)) | E7: =IF(C7<>"",C7*D7,"")
A8: Electric Heater (SFH 17kW)_Anglikon_B-LVL_SFH | B8: Electricity_Anglikon_B-LVL_SFH | D8: =IF(C8="","",VLOOKUP(A8,unit!$A$3:$B$120,2,FALSE)) | E8: =IF(C8<>"",C8*D8,"")
A9: Electric Heater (SFH 17kW)_Oberdorf_B-LVL_SFH | B9: Electricity_Oberdorf_B-LVL_SFH | D9: =IF(C9="","",VLOOKUP(A9,unit!$A$3:$B$120,2,FALSE)) | E9: =IF(C9<>"",C9*D9,"")
A10: Electric Heater (SFH 17kW)_Town_B-LVL_SFH | B10: Electricity_Town_B-LVL_SFH | D10: =IF(C10="","",VLOOKUP(A10,unit!$A$3:$B$120,2,FALSE)) | E10: =IF(C10<>"",C10*D10,"")
A11: Gas Heater (MFH 80kW)_Anglikon_B-LVL_MFH | B11: Gas_Anglikon_B-LVL_MFH | D11: =IF(C11="","",VLOOKUP(A11,unit!$A$3:$B$120,2,FALSE)) | E11: =IF(C11<>"",C11*D11,"")
A12: Gas Heater (MFH 80kW)_Oberdorf_B-LVL_MFH | B12: Gas_Oberdorf_B-LVL_MFH | D12: =IF(C12="","",VLOOKUP(A12,unit!$A$3:$B$120,2,FALSE)) | E12: =IF(C12<>"",C12*D12,"")
A13: Gas Heater (MFH 80kW)_Town_B-LVL_MFH | B13: Gas_Town_B-LVL_MFH | D13: =IF(C13="","",VLOOKUP(A13,unit!$A$3:$B$120,2,FALSE)) | E13: =IF(C13<>"",C13*D13,"")
A14: Gas Heater (SFH 17kW)_Anglikon_B-LVL_SFH | B14: Gas_Anglikon_B-LVL_SFH | D14: =IF(C14="","",VLOOKUP(A14,unit!$A$3:$B$120,2,FALSE)) | E14: =IF(C14<>"",C14*D14,"")
A15: Gas Heater (SFH 17kW)_Oberdorf_B-LVL_SFH | B15: Gas_Oberdorf_B-LVL_SFH | D15: =IF(C15="","",VLOOKUP(A15,unit!$A$3:$B$120,2,FALSE)) | E15: =IF(C15<>"",C15*D15,"")
A16: Gas Heater (SFH 17kW)_Town_B-LVL_SFH | B16: Gas_Town_B-LVL_SFH | D16: =IF(C16="","",VLOOKUP(A16,unit!$A$3:$B$120,2,FALSE)) | E16: =IF(C16<>"",C16*D16,"")
... A20: H2 Cavern 150GWh_D-LVL_Anglikon | B20: H2 Cavern 150GWh_D-LVL_Anglikon | D20: =IF(C20="","",VLOOKUP(A20,unit!$A$3:$B$120,2,FALSE)) | E20: =IF(C20<>"",C20*D20,"")
A21: H2 Cavern 150GWh_D-LVL_Anglikon | B21: Hydrogen_D-LVL_Anglikon | C21: 150 | D21: =IF(C21="","",VLOOKUP(A21,unit!$A$3:$B$120,2,FALSE)) -> 1 | E21: =IF(C21<>"",C21*D21,"") -> 150
A22: H2 Cavern 150GWh_D-LVL_Oberdorf | B22: H2 Cavern 150GWh_D-LVL_Oberdorf | D22: =IF(C22="","",VLOOKUP(A22,unit!$A$3:$B$120,2,FALSE)) | E22: =IF(C22<>"",C22*D22,"")
A23: H2 Cavern 150GWh_D-LVL_Oberdorf | B23: Hydrogen_D-LVL_Oberdorf | C23: 150 | D23: =IF(C23="","",VLOOKUP(A23,unit!$A$3:$B$120,2,FALSE)) -> 1 | E23: =IF(C23<>"",C23*D23,"") -> 150
A24: H2 Cavern 150GWh_D-LVL_Town | B24: H2 Cavern 150GWh_D-LVL_Town | D24: =IF(C24="","",VLOOKUP(A24,unit!$A$3:$B$120,2,FALSE)) | E24: =IF(C24<>"",C24*D24,"")
A25: H2 Cavern 150GWh_D-LVL_Town | B25: Hydrogen_D-LVL_Town | C25: 150 | D25: =IF(C25="","",VLOOKUP(A25,unit!$A$3:$B$120,2,FALSE)) -> 1 | E25: =IF(C25<>"",C25*D25,"") -> 150
A26: H2 Heater (MFH 80kW)_Anglikon_B-LVL_MFH | B26: Hydrogen_Anglikon_B-LVL_MFH | C26: 0.08 | D26: =IF(C26="","",VLOOKUP(A26,unit!$A$3:$B$120,2,FALSE)) -> 44 | E26: =IF(C26<>"",C26*D26,"") -> 3.52
A27: H2 Heater (MFH 80kW)_Oberdorf_B-LVL_MFH | B27: Hydrogen_Oberdorf_B-LVL_MFH | C27: 0.08 | D27: =IF(C27="","",VLOOKUP(A27,unit!$A$3:$B$120,2,FALSE)) -> 71 | E27: =IF(C27<>"",C27*D27,"") -> 5.68
A28: H2 Heater (MFH 80kW)_Town_B-LVL_MFH | B28: Hydrogen_Town_B-LVL_MFH | C28: 0.08 | D28: =IF(C28="","",VLOOKUP(A28,unit!$A$3:$B$120,2,FALSE)) -> 537 | E28: =IF(C28<>"",C28*D28,"") -> 42.96
A29: H2 Heater (SFH 17kW)_Anglikon_B-LVL_SFH | B29: Hydrogen_Anglikon_B-LVL_SFH | C29: 0.017 | D29: =IF(C29="","",VLOOKUP(A29,unit!$A$3:$B$120,2,FALSE)) -> 279 | E29: =IF(C29<>"",C29*D29,"") -> 4.743
A30: H2 Heater (SFH 17kW)_Oberdorf_B-LVL_SFH | B30: Hydrogen_Oberdorf_B-LVL_SFH | C30: 0.017 | D30: =IF(C30="","",VLOOKUP(A30,unit!$A$3:$B$120,2,FALSE)) -> 530 | E30: =IF(C30<>"",C30*D30,"") -> 9.01
A31: H2 Heater (SFH 17kW)_Town_B-LVL_SFH | B31: Hydrogen_Town_B-LVL_SFH | C31: 0.017 | D31: =IF(C31="","",VLOOKUP(A31,unit!$A$3:$B$120,2,FALSE)) -> 1714 | E31: =IF(C31<>"",C31*D31,"") -> 29.138
A32: H2 LOHC 7MWh_Anglikon_B-LVL_MFH | B32: H2 LOHC 7MWh_Anglikon_B-LVL_MFH | D32: =IF(C32="","",VLOOKUP(A32,unit!$A$3:$B$120,2,FALSE)) | E32: =IF(C32<>"",C32*D32,"")
A33: H2 LOHC 7MWh_Anglikon_B-LVL_MFH | B33: Hydrogen_Anglikon_B-LVL_MFH | C33: 70 | D33: =IF(C33="","",VLOOKUP(A33,unit!$A$3:$B$120,2,FALSE)) -> 44 | E33: =IF(C33<>"",C33*D33,"") -> 3080
A34: H2 LOHC 7MWh_Anglikon_B-LVL_SFH | B34: H2 LOHC 7MWh_Anglikon_B-LVL_SFH | D34: =IF(C34="","",VLOOKUP(A34,unit!$A$3:$B$120,2,FALSE)) | E34: =IF(C34<>"",C34*D34,"")
A35: H2 LOHC 7MWh_Anglikon_B-LVL_SFH | B35: Hydrogen_Anglikon_B-LVL_SFH | C35: 70 | D35: =IF(C35="","",VLOOKUP(A35,unit!$A$3:$B$120,2,FALSE)) -> 279 | E35: =IF(C35<>"",C35*D35,"") -> 19530
A36: H2 LOHC 7MWh_Oberdorf_B-LVL_MFH | B36: H2 LOHC 7MWh_Oberdorf_B-LVL_MFH | D36: =IF(C36="","",VLOOKUP(A36,unit!$A$3:$B$120,2,FALSE)) | E36: =IF(C36<>"",C36*D36,"")
A37: H2 LOHC 7MWh_Oberdorf_B-LVL_MFH | B37: Hydrogen_Oberdorf_B-LVL_MFH | C37: 70 | D37: =IF(C37="","",VLOOKUP(A37,unit!$A$3:$B$120,2,FALSE)) -> 71 | E37: =IF(C37<>"",C37*D37,"") -> 4970
A38: H2 LOHC 7MWh_Oberdorf_B-LVL_SFH | B38: H2 LOHC 7MWh_Oberdorf_B-LVL_SFH | D38: =IF(C38="","",VLOOKUP(A38,unit!$A$3:$B$120,2,FALSE)) | E38: =IF(C38<>"",C38*D38,"")
A39: H2 LOHC 7MWh_Oberdorf_B-LVL_SFH | B39: Hydrogen_Oberdorf_B-LVL_SFH | C39: 70 | D39: =IF(C39="","",VLOOKUP(A39,unit!$A$3:$B$120,2,FALSE)) -> 530 | E39: =IF(C39<>"",C39*D39,"") -> 37100
A40: H2 LOHC 7MWh_Town_B-LVL_MFH | B40: H2 LOHC 7MWh_Town_B-LVL_MFH | D40: =IF(C40="","",VLOOKUP(A40,unit!$A$3:$B$120,2,FALSE)) | E40: =IF(C40<>"",C40*D40,"")
A41: H2 LOHC 7MWh_Town_B-LVL_MFH | B41: Hydrogen_Town_B-LVL_MFH | C41: 70 | D41: =IF(C41="","",VLOOKUP(A41,unit!$A$3:$B$120,2,FALSE)) -> 537 | E41: =IF(C41<>"",C41*D41,"") -> 37590
A42: H2 LOHC 7MWh_Town_B-LVL_SFH | B42: H2 LOHC 7MWh_Town_B-LVL_SFH | D42: =IF(C42="","",VLOOKUP(A42,unit!$A$3:$B$120,2,FALSE)) | E42: =IF(C42<>"",C42*D42,"")
A43: H2 LOHC 7MWh_Town_B-LVL_SFH | B43: Hydrogen_Town_B-LVL_SFH | C43: 70 | D43: =IF(C43="","",VLOOKUP(A43,unit!$A$3:$B$120,2,FALSE)) -> 1714 | E43: =IF(C43<>"",C43*D43,"") -> 119980
A44: H2 Tank 16.7MWh_D-LVL_Anglikon | B44: H2 Tank 16.7MWh_D-LVL_Anglikon | D44: =IF(C44="","",VLOOKUP(A44,unit!$A$3:$B$120,2,FALSE)) | E44: =IF(C44<>"",C44*D44,"")
A45: H2 Tank 16.7MWh_D-LVL_Anglikon | B45: Hydrogen_D-LVL_Anglikon | C45: 0.095 | D45: =IF(C45="","",VLOOKUP(A45,unit!$A$3:$B$120,2,FALSE)) -> 60 | E45: =IF(C45<>"",C45*D45,"") -> 5.7
A46: H2 Tank 16.7MWh_D-LVL_Oberdorf | B46: H2 Tank 16.7MWh_D-LVL_Oberdorf | D46: =IF(C46="","",VLOOKUP(A46,unit!$A$3:$B$120,2,FALSE)) | E46: =IF(C46<>"",C46*D46,"")
A47: H2 Tank 16.7MWh_D-LVL_Oberdorf | B47: Hydrogen_D-LVL_Oberdorf | C47: 0.095 | D47: =IF(C47="","",VLOOKUP(A47,unit!$A$3:$B$120,2,FALSE)) -> 60 | E47: =IF(C47<>"",C47*D47,"") -> 5.7
A48: H2 Tank 16.7MWh_D-LVL_Town | B48: H2 Tank 16.7MWh_D-LVL_Town | D48: =IF(C48="","",VLOOKUP(A48,unit!$A$3:$B$120,2,FALSE)) | E48: =IF(C48<>"",C48*D48,"")
A49: H2 Tank 16.7MWh_D-LVL_Town | B49: Hydrogen_D-LVL_Town | C49: 0.095 | D49: =IF(C49="","",VLOOKUP(A49,unit!$A$3:$B$120,2,FALSE)) -> 60 | E49: =IF(C49<>"",C49*D49,"") -> 5.7
A50: H2-Alkaline Electrolyzer 100MW_Anglikon_D-LVL | B50: Electricity_D-LVL_Anglikon | C50: 100 | D50: =IF(C50="","",VLOOKUP(A50,unit!$A$3:$B$120,2,FALSE)) -> 1 | E50: =IF(C50<>"",C50*D50,"") -> 100
A51: H2-Alkaline Electrolyzer 100MW_Oberdorf_D-LVL | B51: Electricity_D-LVL_Oberdorf | C51: 100 | D51: =IF(C51="","",VLOOKUP(A51,unit!$A$3:$B$120,2,FALSE)) -> 1 | E51: =IF(C51<>"",C51*D51,"") -> 100
A52: H2-Alkaline Electrolyzer 100MW_Town_D-LVL | B52: Electricity_D-LVL_Town | C52: 100 | D52: =IF(C52="","",VLOOKUP(A52,unit!$A$3:$B$120,2,FALSE)) -> 1 | E52: =IF(C52<>"",C52*D52,"") -> 100
A53: H2-Alkaline Electrolyzer 10MW_Anglikon_D-LVL | B53: Electricity_D-LVL_Anglikon | C53: 10 | D53: =IF(C53="","",VLOOKUP(A53,unit!$A$3:$B$120,2,FALSE)) -> 10 | E53: =IF(C53<>"",C53*D53,"") -> 100
A54: H2-Alkaline Electrolyzer 10MW_Oberdorf_D-LVL | B54: Electricity_D-LVL_Oberdorf | C54: 10 | D54: =IF(C54="","",VLOOKUP(A54,unit!$A$3:$B$120,2,FALSE)) -> 10 | E54: =IF(C54<>"",C54*D54,"") -> 100
A55: H2-Alkaline Electrolyzer 10MW_Town_D-LVL | B55: Electricity_D-LVL_Town | C55: 10 | D55: =IF(C55="","",VLOOKUP(A55,unit!$A$3:$B$120,2,FALSE)) -> 10 | E55: =IF(C55<>"",C55*D55,"") -> 100
A56: H2-PEM Electrolyzer 10MW_Anglikon_D-LVL | B56: Electricity_D-LVL_Anglikon | C56: 10 | D56: =IF(C56="","",VLOOKUP(A56,unit!$A$3:$B$120,2,FALSE)) -> 10 | E56: =IF(C56<>"",C56*D56,"") -> 100
A57: H2-PEM Electrolyzer 10MW_Oberdorf_D-LVL | B57: Electricity_D-LVL_Oberdorf | C57: 10 | D57: =IF(C57="","",VLOOKUP(A57,unit!$A$3:$B$120,2,FALSE)) -> 10 | E57: =IF(C57<>"",C57*D57,"") -> 100
A58: H2-PEM Electrolyzer 10MW_Town_D-LVL | B58: Electricity_D-LVL_Town | C58: 10 | D58: =IF(C58="","",VLOOKUP(A58,unit!$A$3:$B$120,2,FALSE)) -> 10 | E58: =IF(C58<>"",C58*D58,"") -> 100
A59: H2-PEM Fuel Cell 1MW_Anglikon_D-LVL | B59: Hydrogen_D-LVL_Anglikon | D59: =IF(C59="","",VLOOKUP(A59,unit!$A$3:$B$120,2,FALSE)) | E59: =IF(C59<>"",C59*D59,"")
A60: H2-PEM Fuel Cell 1MW_Oberdorf_D-LVL | B60: Hydrogen_D-LVL_Oberdorf | D60: =IF(C60="","",VLOOKUP(A60,unit!$A$3:$B$120,2,FALSE)) | E60: =IF(C60<>"",C60*D60,"")
A61: H2-PEM Fuel Cell 1MW_Town_D-LVL | B61: Hydrogen_D-LVL_Town | D61: =IF(C61="","",VLOOKUP(A61,unit!$A$3:$B$120,2,FALSE)) | E61: =IF(C61<>"",C61*D61,"")
A62: H2-SO Electrolyzer 1MW_Anglikon_D-LVL | B62: Electricity_D-LVL_Anglikon | C62: 1 | D62: =IF(C62="","",VLOOKUP(A62,unit!$A$3:$B$120,2,FALSE)) -> 100 | E62: =IF(C62<>"",C62*D62,"") -> 100
A63: H2-SO Electrolyzer 1MW_Oberdorf_D-LVL | B63: Electricity_D-LVL_Oberdorf | C63: 1 | D63: =IF(C63="","",VLOOKUP(A63,unit!$A$3:$B$120,2,FALSE)) -> 100 | E63: =IF(C63<>"",C63*D63,"") -> 100
A64: H2-SO Electrolyzer 1MW_Town_D-LVL | B64: Electricity_D-LVL_Town | C64: 1 | D64: =IF(C64="","",VLOOKUP(A64,unit!$A$3:$B$120,2,FALSE)) -> 100 | E64: =IF(C64<>"",C64*D64,"") -> 100
A65: H2-SO Fuel Cell 1MW_Anglikon_D-LVL | B65: Hydrogen_D-LVL_Anglikon | D65: =IF(C65="","",VLOOKUP(A65,unit!$A$3:$B$120,2,FALSE)) | E65: =IF(C65<>"",C65*D65,"")
A66: H2-SO Fuel Cell 1MW_Oberdorf_D-LVL | B66: Hydrogen_D-LVL_Oberdorf | D66: =IF(C66="","",VLOOKUP(A66,unit!$A$3:$B$120,2,FALSE)) | E66: =IF(C66<>"",C66*D66,"")
A67: H2-SO Fuel Cell 1MW_Town_D-LVL | B67: Hydrogen_D-LVL_Town | D67: =IF(C67="","",VLOOKUP(A67,unit!$A$3:$B$120,2,FALSE)) | E67: =IF(C67<>"",C67*D67,"")
A68: Heat Pump (air MFH 80kW)_Anglikon_B-LVL_MFH | B68: Electricity_Anglikon_B-LVL_MFH | D68: =IF(C68="","",VLOOKUP(A68,unit!$A$3:$B$120,2,FALSE)) | E68: =IF(C68<>"",C68*D68,"")
A69: Heat Pump (air MFH 80kW)_Oberdorf_B-LVL_MFH | B69: Electricity_Oberdorf_B-LVL_MFH | D69: =IF(C69="","",VLOOKUP(A69,unit!$A$3:$B$120,2,FALSE)) | E69: =IF(C69<>"",C69*D69,"")
A70: Heat Pump (air MFH 80kW)_Town_B-LVL_MFH | B70: Electricity_Town_B-LVL_MFH | D70: =IF(C70="","",VLOOKUP(A70,unit!$A$3:$B$120,2,FALSE)) | E70: =IF(C70<>"",C70*D70,"")
A71: Heat Pump (air SFH 17kW)_Anglikon_B-LVL_SFH | B71: Electricity_Anglikon_B-LVL_SFH | D71: =IF(C71="","",VLOOKUP(A71,unit!$A$3:$B$120,2,FALSE)) | E71: =IF(C71<>"",C71*D71,"")
A72: Heat Pump (air SFH 17kW)_Oberdorf_B-LVL_SFH | B72: Electricity_Oberdorf_B-LVL_SFH | D72: =IF(C72="","",VLOOKUP(A72,unit!$A$3:$B$120,2,FALSE)) | E72: =IF(C72<>"",C72*D72,"")
A73: Heat Pump (air SFH 17kW)_Town_B-LVL_SFH | B73: Electricity_Town_B-LVL_SFH | D73: =IF(C73="","",VLOOKUP(A73,unit!$A$3:$B$120,2,FALSE)) | E73: =IF(C73<>"",C73*D73,"")
A74: Heat Pump (ground 1MW)_D-LVL_Anglikon | B74: Electricity_D-LVL_Anglikon | D74: =IF(C74="","",VLOOKUP(A74,unit!$A$3:$B$120,2,FALSE)) | E74: =IF(C74<>"",C74*D74,"")
A75: Heat Pump (ground 1MW)_D-LVL_Oberdorf | B75: Electricity_D-LVL_Oberdorf | D75: =IF(C75="","",VLOOKUP(A75,unit!$A$3:$B$120,2,FALSE)) | E75: =IF(C75<>"",C75*D75,"")
A76: Heat Pump (ground 1MW)_D-LVL_Town | B76: Electricity_D-LVL_Town | D76: =IF(C76="","",VLOOKUP(A76,unit!$A$3:$B$120,2,FALSE)) | E76: =IF(C76<>"",C76*D76,"")
... A80: Hot Water Tank (175MWh)_D-LVL_Anglikon | B80: Hot Water Tank (175MWh)_D-LVL_Anglikon | D80: =IF(C80="","",VLOOKUP(A80,unit!$A$3:$B$120,2,FALSE)) | E80: =IF(C80<>"",C80*D80,"")
A81: Hot Water Tank (175MWh)_D-LVL_Anglikon | B81: Space_Heating_D-LVL_Anglikon | C81: 2.9 | D81: =IF(C81="","",VLOOKUP(A81,unit!$A$3:$B$120,2,FALSE)) -> 6 | E81: =IF(C81<>"",C81*D81,"") -> 17.4
A82: Hot Water Tank (175MWh)_D-LVL_Oberdorf | B82: Hot Water Tank (175MWh)_D-LVL_Oberdorf | D82: =IF(C82="","",VLOOKUP(A82,unit!$A$3:$B$120,2,FALSE)) | E82: =IF(C82<>"",C82*D82,"")
A83: Hot Water Tank (175MWh)_D-LVL_Oberdorf | B83: Space_Heating_D-LVL_Oberdorf | C83: 2.9 | D83: =IF(C83="","",VLOOKUP(A83,unit!$A$3:$B$120,2,FALSE)) -> 6 | E83: =IF(C83<>"",C83*D83,"") -> 17.4
A84: Hot Water Tank (175MWh)_D-LVL_Town | B84: Hot Water Tank (175MWh)_D-LVL_Town | D84: =IF(C84="","",VLOOKUP(A84,unit!$A$3:$B$120,2,FALSE)) | E84: =IF(C84<>"",C84*D84,"")
A85: Hot Water Tank (175MWh)_D-LVL_Town | B85: Space_Heating_D-LVL_Town | C85: 2.9 | D85: =IF(C85="","",VLOOKUP(A85,unit!$A$3:$B$120,2,FALSE)) -> 6 | E85: =IF(C85<>"",C85*D85,"") -> 17.4
A86: Hot Water Tank (3kWh)_Anglikon_B-LVL_MFH | B86: Hot Water Tank (3kWh)_Anglikon_B-LVL_MFH | D86: =IF(C86="","",VLOOKUP(A86,unit!$A$3:$B$120,2,FALSE)) | E86: =IF(C86<>"",C86*D86,"")
A87: Hot Water Tank (3kWh)_Anglikon_B-LVL_MFH | B87: Space_Heating_Anglikon_B-LVL_MFH | C87: 0.02 | D87: =IF(C87="","",VLOOKUP(A87,unit!$A$3:$B$120,2,FALSE)) -> 44 | E87: =IF(C87<>"",C87*D87,"") -> 0.88
A88: Hot Water Tank (3kWh)_Anglikon_B-LVL_SFH | B88: Hot Water Tank (3kWh)_Anglikon_B-LVL_SFH | D88: =IF(C88="","",VLOOKUP(A88,unit!$A$3:$B$120,2,FALSE)) | E88: =IF(C88<>"",C88*D88,"")
A89: Hot Water Tank (3kWh)_Anglikon_B-LVL_SFH | B89: Space_Heating_Anglikon_B-LVL_SFH | C89: 0.02 | D89: =IF(C89="","",VLOOKUP(A89,unit!$A$3:$B$120,2,FALSE)) -> 279 | E89: =IF(C89<>"",C89*D89,"") -> 5.58
A90: Hot Water Tank (3kWh)_Oberdorf_B-LVL_MFH | B90: Hot Water Tank (3kWh)_Oberdorf_B-LVL_MFH | D90: =IF(C90="","",VLOOKUP(A90,unit!$A$3:$B$120,2,FALSE)) | E90: =IF(C90<>"",C90*D90,"")
A91: Hot Water Tank (3kWh)_Oberdorf_B-LVL_MFH | B91: Space_Heating_Oberdorf_B-LVL_MFH | C91: 0.02 | D91: =IF(C91="","",VLOOKUP(A91,unit!$A$3:$B$120,2,FALSE)) -> 71 | E91: =IF(C91<>"",C91*D91,"") -> 1.42
A92: Hot Water Tank (3kWh)_Oberdorf_B-LVL_SFH | B92: Hot Water Tank (3kWh)_Oberdorf_B-LVL_SFH | D92: =IF(C92="","",VLOOKUP(A92,unit!$A$3:$B$120,2,FALSE)) | E92: =IF(C92<>"",C92*D92,"")
A93: Hot Water Tank (3kWh)_Oberdorf_B-LVL_SFH | B93: Space_Heating_Oberdorf_B-LVL_SFH | C93: 0.02 | D93: =IF(C93="","",VLOOKUP(A93,unit!$A$3:$B$120,2,FALSE)) -> 530 | E93: =IF(C93<>"",C93*D93,"") -> 10.6
A94: Hot Water Tank (3kWh)_Town_B-LVL_MFH | B94: Hot Water Tank (3kWh)_Town_B-LVL_MFH | D94: =IF(C94="","",VLOOKUP(A94,unit!$A$3:$B$120,2,FALSE)) | E94: =IF(C94<>"",C94*D94,"")
A95: Hot Water Tank (3kWh)_Town_B-LVL_MFH | B95: Space_Heating_Town_B-LVL_MFH | C95: 0.02 | D95: =IF(C95="","",VLOOKUP(A95,unit!$A$3:$B$120,2,FALSE)) -> 537 | E95: =IF(C95<>"",C95*D95,"") -> 10.74
A96: Hot Water Tank (3kWh)_Town_B-LVL_SFH | B96: Hot Water Tank (3kWh)_Town_B-LVL_SFH | D96: =IF(C96="","",VLOOKUP(A96,unit!$A$3:$B$120,2,FALSE)) | E96: =IF(C96<>"",C96*D96,"")
A97: Hot Water Tank (3kWh)_Town_B-LVL_SFH | B97: Space_Heating_Town_B-LVL_SFH | C97: 0.02 | D97: =IF(C97="","",VLOOKUP(A97,unit!$A$3:$B$120,2,FALSE)) -> 1714 | E97: =IF(C97<>"",C97*D97,"") -> 34.28
A98: Li-ion Battery 4.7MWh_D-LVL_Anglikon | B98: Electricity_D-LVL_Anglikon | C98: 7.7 | D98: =IF(C98="","",VLOOKUP(A98,unit!$A$3:$B$120,2,FALSE)) -> 213 | E98: =IF(C98<>"",C98*D98,"") -> 1640.1
A99: Li-ion Battery 4.7MWh_D-LVL_Anglikon | B99: Li-ion Battery 8MWh_D-LVL_Anglikon | D99: =IF(C99="","",VLOOKUP(A99,unit!$A$3:$B$120,2,FALSE)) | E99: =IF(C99<>"",C99*D99,"")
A100: Li-ion Battery 4.7MWh_D-LVL_Oberdorf | B100: Electricity_D-LVL_Oberdorf | C100: 7.7 | D100: =IF(C100="","",VLOOKUP(A100,unit!$A$3:$B$120,2,FALSE)) -> 213 | E100: =IF(C100<>"",C100*D100,"") -> 1640.1
A101: Li-ion Battery 4.7MWh_D-LVL_Oberdorf | B101: Li-ion Battery 8MWh_D-LVL_Oberdorf | D101: =IF(C101="","",VLOOKUP(A101,unit!$A$3:$B$120,2,FALSE)) | E101: =IF(C101<>"",C101*D101,"")
A102: Li-ion Battery 4.7MWh_D-LVL_Town | B102: Electricity_D-LVL_Town | C102: 7.7 | D102: =IF(C102="","",VLOOKUP(A102,unit!$A$3:$B$120,2,FALSE)) -> 213 | E102: =IF(C102<>"",C102*D102,"") -> 1640.1
A103: Li-ion Battery 4.7MWh_D-LVL_Town | B103: Li-ion Battery 8MWh_D-LVL_Town | D103: =IF(C103="","",VLOOKUP(A103,unit!$A$3:$B$120,2,FALSE)) | E103: =IF(C103<>"",C103*D103,"")
A104: Na-S Battery 300MWh_D-LVL_Anglikon | B104: Electricity_D-LVL_Anglikon | C104: 50 | D104: =IF(C104="","",VLOOKUP(A104,unit!$A$3:$B$120,2,FALSE)) -> 4 | E104: =IF(C104<>"",C104*D104,"") -> 200
A105: Na-S Battery 300MWh_D-LVL_Anglikon | B105: Na-S Battery 300MWh_D-LVL_Anglikon | D105: =IF(C105="","",VLOOKUP(A105,unit!$A$3:$B$120,2,FALSE)) | E105: =IF(C105<>"",C105*D105,"")
A106: Na-S Battery 300MWh_D-LVL_Oberdorf | B106: Electricity_D-LVL_Oberdorf | C106: 50 | D106: =IF(C106="","",VLOOKUP(A106,unit!$A$3:$B$120,2,FALSE)) -> 4 | E106: =IF(C106<>"",C106*D106,"") -> 200
...

Sheet unit_to_node
B1: parameter | C1: unit_capacity | D1: candidate_units | E1: unit_capacity (MGA)
A2: unit | B2: node
A3: ElecImport_Town | B3: Electricity_D-LVL_Town | C3: 16
A4: Electric Heater (MFH 80kW)_Anglikon_B-LVL_MFH | B4: Space_Heating_Anglikon_B-LVL_MFH | C4: 0.08 | D4: =IF(C4="","",VLOOKUP(A4,unit!$A$3:$B$120,2,FALSE)) -> 44 | E4: =IF(C4<>"",C4*D4,"") -> 3.52
A5: Electric Heater (MFH 80kW)_Oberdorf_B-LVL_MFH | B5: Space_Heating_Oberdorf_B-LVL_MFH | C5: 0.08 | D5: =IF(C5="","",VLOOKUP(A5,unit!$A$3:$B$120,2,FALSE)) -> 71 | E5: =IF(C5<>"",C5*D5,"") -> 5.68
A6: Electric Heater (MFH 80kW)_Town_B-LVL_MFH | B6: Space_Heating_Town_B-LVL_MFH | C6: 0.08 | D6: =IF(C6="","",VLOOKUP(A6,unit!$A$3:$B$120,2,FALSE)) -> 537 | E6: =IF(C6<>"",C6*D6,"") -> 42.96
A7: Electric Heater (SFH 17kW)_Anglikon_B-LVL_SFH | B7: Space_Heating_Anglikon_B-LVL_SFH | C7: 0.017 | D7: =IF(C7="","",VLOOKUP(A7,unit!$A$3:$B$120,2,FALSE)) -> 279 | E7: =IF(C7<>"",C7*D7,"") -> 4.743
A8: Electric Heater (SFH 17kW)_Oberdorf_B-LVL_SFH | B8: Space_Heating_Oberdorf_B-LVL_SFH | C8: 0.017 | D8: =IF(C8="","",VLOOKUP(A8,unit!$A$3:$B$120,2,FALSE)) -> 530 | E8: =IF(C8<>"",C8*D8,"") -> 9.01
A9: Electric Heater (SFH 17kW)_Town_B-LVL_SFH | B9: Space_Heating_Town_B-LVL_SFH | C9: 0.017 | D9: =IF(C9="","",VLOOKUP(A9,unit!$A$3:$B$120,2,FALSE)) -> 1714 | E9: =IF(C9<>"",C9*D9,"") -> 29.138
A10: Gas Heater (MFH 80kW)_Anglikon_B-LVL_MFH | B10: CO2_M-LVL | D10: =IF(C10="","",VLOOKUP(A10,unit!$A$3:$B$120,2,FALSE)) | E10: =IF(C10<>"",C10*D10,"")
A11: Gas Heater (MFH 80kW)_Anglikon_B-LVL_MFH | B11: Space_Heating_Anglikon_B-LVL_MFH | C11: 0.08 | D11: =IF(C11="","",VLOOKUP(A11,unit!$A$3:$B$120,2,FALSE)) -> 44 | E11: =IF(C11<>"",C11*D11,"") -> 3.52
A12: Gas Heater (MFH 80kW)_Oberdorf_B-LVL_MFH | B12: CO2_M-LVL | D12: =IF(C12="","",VLOOKUP(A12,unit!$A$3:$B$120,2,FALSE)) | E12: =IF(C12<>"",C12*D12,"")
A13: Gas Heater (MFH 80kW)_Oberdorf_B-LVL_MFH | B13: Space_Heating_Oberdorf_B-LVL_MFH | C13: 0.08 | D13: =IF(C13="","",VLOOKUP(A13,unit!$A$3:$B$120,2,FALSE)) -> 71 | E13: =IF(C13<>"",C13*D13,"") -> 5.68
A14: Gas Heater (MFH 80kW)_Town_B-LVL_MFH | B14: CO2_M-LVL | D14: =IF(C14="","",VLOOKUP(A14,unit!$A$3:$B$120,2,FALSE)) | E14: =IF(C14<>"",C14*D14,"")
A15: Gas Heater (MFH 80kW)_Town_B-LVL_MFH | B15: Space_Heating_Town_B-LVL_MFH | C15: 0.08 | D15: =IF(C15="","",VLOOKUP(A15,unit!$A$3:$B$120,2,FALSE)) -> 537 | E15: =IF(C15<>"",C15*D15,"") -> 42.96
A16: Gas Heater (SFH 17kW)_Anglikon_B-LVL_SFH | B16: CO2_M-LVL | D16: =IF(C16="","",VLOOKUP(A16,unit!$A$3:$B$120,2,FALSE)) | E16: =IF(C16<>"",C16*D16,"")
A17: Gas Heater (SFH 17kW)_Anglikon_B-LVL_SFH | B17: Space_Heating_Anglikon_B-LVL_SFH | C17: 0.017 | D17: =IF(C17="","",VLOOKUP(A17,unit!$A$3:$B$120,2,FALSE)) -> 279 | E17: =IF(C17<>"",C17*D17,"") -> 4.743
A18: Gas Heater (SFH 17kW)_Oberdorf_B-LVL_SFH | B18: CO2_M-LVL | D18: =IF(C18="","",VLOOKUP(A18,unit!$A$3:$B$120,2,FALSE)) | E18: =IF(C18<>"",C18*D18,"")
A19: Gas Heater (SFH 17kW)_Oberdorf_B-LVL_SFH | B19: Space_Heating_Oberdorf_B-LVL_SFH | C19: 0.017 | D19: =IF(C19="","",VLOOKUP(A19,unit!$A$3:$B$120,2,FALSE)) -> 530 | E19: =IF(C19<>"",C19*D19,"") -> 9.01
A20: Gas Heater (SFH 17kW)_Town_B-LVL_SFH | B20: CO2_M-LVL | D20: =IF(C20="","",VLOOKUP(A20,unit!$A$3:$B$120,2,FALSE)) | E20: =IF(C20<>"",C20*D20,"")
A21: Gas Heater (SFH 17kW)_Town_B-LVL_SFH | B21: Space_Heating_Town_B-LVL_SFH | C21: 0.017 | D21: =IF(C21="","",VLOOKUP(A21,unit!$A$3:$B$120,2,FALSE)) -> 1714 | E21: =IF(C21<>"",C21*D21,"") -> 29.138
A22: Gas Turbine (40 MW)_D-LVL_Anglikon | B22: CO2_M-LVL | D22: =IF(C22="","",VLOOKUP(A22,unit!$A$3:$B$120,2,FALSE)) | E22: =IF(C22<>"",C22*D22,"")
A23: Gas Turbine (40 MW)_D-LVL_Anglikon | B23: Electricity_D-LVL_Anglikon | C23: 40 | D23: =IF(C23="","",VLOOKUP(A23,unit!$A$3:$B$120,2,FALSE)) -> 10 | E23: =IF(C23<>"",C23*D23,"") -> 400
A24: Gas Turbine (40 MW)_D-LVL_Oberdorf | B24: CO2_M-LVL | D24: =IF(C24="","",VLOOKUP(A24,unit!$A$3:$B$120,2,FALSE)) | E24: =IF(C24<>"",C24*D24,"")
A25: Gas Turbine (40 MW)_D-LVL_Oberdorf | B25: Electricity_D-LVL_Oberdorf | C25: 40 | D25: =IF(C25="","",VLOOKUP(A25,unit!$A$3:$B$120,2,FALSE)) -> 10 | E25: =IF(C25<>"",C25*D25,"") -> 400
A26: Gas Turbine (40 MW)_D-LVL_Town | B26: CO2_M-LVL | D26: =IF(C26="","",VLOOKUP(A26,unit!$A$3:$B$120,2,FALSE)) | E26: =IF(C26<>"",C26*D26,"")
A27: Gas Turbine (40 MW)_D-LVL_Town | B27: Electricity_D-LVL_Town | C27: 40 | D27: =IF(C27="","",VLOOKUP(A27,unit!$A$3:$B$120,2,FALSE)) -> 10 | E27: =IF(C27<>"",C27*D27,"") -> 400
A28: H2 Cavern 150GWh_D-LVL_Anglikon | B28: H2 Cavern 150GWh_D-LVL_Anglikon | D28: =IF(C28="","",VLOOKUP(A28,unit!$A$3:$B$120,2,FALSE)) | E28: =IF(C28<>"",C28*D28,"")
A29: H2 Cavern 150GWh_D-LVL_Anglikon | B29: Hydrogen_D-LVL_Anglikon | C29: 150 | D29: =IF(C29="","",VLOOKUP(A29,unit!$A$3:$B$120,2,FALSE)) -> 1 | E29: =IF(C29<>"",C29*D29,"") -> 150
A30: H2 Cavern 150GWh_D-LVL_Oberdorf | B30: H2 Cavern 150GWh_D-LVL_Oberdorf | D30: =IF(C30="","",VLOOKUP(A30,unit!$A$3:$B$120,2,FALSE)) | E30: =IF(C30<>"",C30*D30,"")
A31: H2 Cavern 150GWh_D-LVL_Oberdorf | B31: Hydrogen_D-LVL_Oberdorf | C31: 150 | D31: =IF(C31="","",VLOOKUP(A31,unit!$A$3:$B$120,2,FALSE)) -> 1 | E31: =IF(C31<>"",C31*D31,"") -> 150
A32: H2 Cavern 150GWh_D-LVL_Town | B32: H2 Cavern 150GWh_D-LVL_Town | D32: =IF(C32="","",VLOOKUP(A32,unit!$A$3:$B$120,2,FALSE)) | E32: =IF(C32<>"",C32*D32,"")
A33: H2 Cavern 150GWh_D-LVL_Town | B33: Hydrogen_D-LVL_Town | C33: 150 | D33: =IF(C33="","",VLOOKUP(A33,unit!$A$3:$B$120,2,FALSE)) -> 1 | E33: =IF(C33<>"",C33*D33,"") -> 150
A34: H2 Heater (MFH 80kW)_Anglikon_B-LVL_MFH | B34: Space_Heating_Anglikon_B-LVL_MFH | D34: =IF(C34="","",VLOOKUP(A34,unit!$A$3:$B$120,2,FALSE)) | E34: =IF(C34<>"",C34*D34,"")
A35: H2 Heater (MFH 80kW)_Oberdorf_B-LVL_MFH | B35: Space_Heating_Oberdorf_B-LVL_MFH | D35: =IF(C35="","",VLOOKUP(A35,unit!$A$3:$B$120,2,FALSE)) | E35: =IF(C35<>"",C35*D35,"")
A36: H2 Heater (MFH 80kW)_Town_B-LVL_MFH | B36: Space_Heating_Town_B-LVL_MFH | D36: =IF(C36="","",VLOOKUP(A36,unit!$A$3:$B$120,2,FALSE)) | E36: =IF(C36<>"",C36*D36,"")
A37: H2 Heater (SFH 17kW)_Anglikon_B-LVL_SFH | B37: Space_Heating_Anglikon_B-LVL_SFH | D37: =IF(C37="","",VLOOKUP(A37,unit!$A$3:$B$120,2,FALSE)) | E37: =IF(C37<>"",C37*D37,"")
A38: H2 Heater (SFH 17kW)_Oberdorf_B-LVL_SFH | B38: Space_Heating_Oberdorf_B-LVL_SFH | D38: =IF(C38="","",VLOOKUP(A38,unit!$A$3:$B$120,2,FALSE)) | E38: =IF(C38<>"",C38*D38,"")
A39: H2 Heater (SFH 17kW)_Town_B-LVL_SFH | B39: Space_Heating_Town_B-LVL_SFH | D39: =IF(C39="","",VLOOKUP(A39,unit!$A$3:$B$120,2,FALSE)) | E39: =IF(C39<>"",C39*D39,"")
A40: H2 LOHC 7MWh_Anglikon_B-LVL_MFH | B40: H2 LOHC 7MWh_Anglikon_B-LVL_MFH | D40: =IF(C40="","",VLOOKUP(A40,unit!$A$3:$B$120,2,FALSE)) | E40: =IF(C40<>"",C40*D40,"")
A41: H2 LOHC 7MWh_Anglikon_B-LVL_MFH | B41: Hydrogen_Anglikon_B-LVL_MFH | C41: 10 | D41: =IF(C41="","",VLOOKUP(A41,unit!$A$3:$B$120,2,FALSE)) -> 44 | E41: =IF(C41<>"",C41*D41,"") -> 440
A42: H2 LOHC 7MWh_Anglikon_B-LVL_SFH | B42: H2 LOHC 7MWh_Anglikon_B-LVL_SFH | D42: =IF(C42="","",VLOOKUP(A42,unit!$A$3:$B$120,2,FALSE)) | E42: =IF(C42<>"",C42*D42,"")
A43: H2 LOHC 7MWh_Anglikon_B-LVL_SFH | B43: Hydrogen_Anglikon_B-LVL_SFH | C43: 10 | D43: =IF(C43="","",VLOOKUP(A43,unit!$A$3:$B$120,2,FALSE)) -> 279 | E43: =IF(C43<>"",C43*D43,"") -> 2790
A44: H2 LOHC 7MWh_Oberdorf_B-LVL_MFH | B44: H2 LOHC 7MWh_Oberdorf_B-LVL_MFH | D44: =IF(C44="","",VLOOKUP(A44,unit!$A$3:$B$120,2,FALSE)) | E44: =IF(C44<>"",C44*D44,"")
A45: H2 LOHC 7MWh_Oberdorf_B-LVL_MFH | B45: Hydrogen_Oberdorf_B-LVL_MFH | C45: 10 | D45: =IF(C45="","",VLOOKUP(A45,unit!$A$3:$B$120,2,FALSE)) -> 71 | E45: =IF(C45<>"",C45*D45,"") -> 710
A46: H2 LOHC 7MWh_Oberdorf_B-LVL_SFH | B46: H2 LOHC 7MWh_Oberdorf_B-LVL_SFH | D46: =IF(C46="","",VLOOKUP(A46,unit!$A$3:$B$120,2,FALSE)) | E46: =IF(C46<>"",C46*D46,"")
A47: H2 LOHC 7MWh_Oberdorf_B-LVL_SFH | B47: Hydrogen_Oberdorf_B-LVL_SFH | C47: 10 | D47: =IF(C47="","",VLOOKUP(A47,unit!$A$3:$B$120,2,FALSE)) -> 530 | E47: =IF(C47<>"",C47*D47,"") -> 5300
A48: H2 LOHC 7MWh_Town_B-LVL_MFH | B48: H2 LOHC 7MWh_Town_B-LVL_MFH | D48: =IF(C48="","",VLOOKUP(A48,unit!$A$3:$B$120,2,FALSE)) | E48: =IF(C48<>"",C48*D48,"")
A49: H2 LOHC 7MWh_Town_B-LVL_MFH | B49: Hydrogen_Town_B-LVL_MFH | C49: 10 | D49: =IF(C49="","",VLOOKUP(A49,unit!$A$3:$B$120,2,FALSE)) -> 537 | E49: =IF(C49<>"",C49*D49,"") -> 5370
A50: H2 LOHC 7MWh_Town_B-LVL_SFH | B50: H2 LOHC 7MWh_Town_B-LVL_SFH | D50: =IF(C50="","",VLOOKUP(A50,unit!$A$3:$B$120,2,FALSE)) | E50: =IF(C50<>"",C50*D50,"")
A51: H2 LOHC 7MWh_Town_B-LVL_SFH | B51: Hydrogen_Town_B-LVL_SFH | C51: 10 | D51: =IF(C51="","",VLOOKUP(A51,unit!$A$3:$B$120,2,FALSE)) -> 1714 | E51: =IF(C51<>"",C51*D51,"") -> 17140
A52: H2 Tank 16.7MWh_D-LVL_Anglikon | B52: H2 Tank 16.7MWh_D-LVL_Anglikon | D52: =IF(C52="","",VLOOKUP(A52,unit!$A$3:$B$120,2,FALSE)) | E52: =IF(C52<>"",C52*D52,"")
A53: H2 Tank 16.7MWh_D-LVL_Anglikon | B53: Hydrogen_D-LVL_Anglikon | C53: 0.095 | D53: =IF(C53="","",VLOOKUP(A53,unit!$A$3:$B$120,2,FALSE)) -> 60 | E53: =IF(C53<>"",C53*D53,"") -> 5.7
A54: H2 Tank 16.7MWh_D-LVL_Oberdorf | B54: H2 Tank 16.7MWh_D-LVL_Oberdorf | D54: =IF(C54="","",VLOOKUP(A54,unit!$A$3:$B$120,2,FALSE)) | E54: =IF(C54<>"",C54*D54,"")
A55: H2 Tank 16.7MWh_D-LVL_Oberdorf | B55: Hydrogen_D-LVL_Oberdorf | C55: 0.095 | D55: =IF(C55="","",VLOOKUP(A55,unit!$A$3:$B$120,2,FALSE)) -> 60 | E55: =IF(C55<>"",C55*D55,"") -> 5.7
A56: H2 Tank 16.7MWh_D-LVL_Town | B56: H2 Tank 16.7MWh_D-LVL_Town | D56: =IF(C56="","",VLOOKUP(A56,unit!$A$3:$B$120,2,FALSE)) | E56: =IF(C56<>"",C56*D56,"")
A57: H2 Tank 16.7MWh_D-LVL_Town | B57: Hydrogen_D-LVL_Town | C57: 0.095 | D57: =IF(C57="","",VLOOKUP(A57,unit!$A$3:$B$120,2,FALSE)) -> 60 | E57: =IF(C57<>"",C57*D57,"") -> 5.7
A58: H2-Alkaline Electrolyzer 100MW_Anglikon_D-LVL | B58: Hydrogen_D-LVL_Anglikon | D58: =IF(C58="","",VLOOKUP(A58,unit!$A$3:$B$120,2,FALSE)) | E58: =IF(C58<>"",C58*D58,"")
A59: H2-Alkaline Electrolyzer 100MW_Anglikon_D-LVL | B59: Space_Heating_D-LVL_Anglikon | D59: =IF(C59="","",VLOOKUP(A59,unit!$A$3:$B$120,2,FALSE)) | E59: =IF(C59<>"",C59*D59,"")
A60: H2-Alkaline Electrolyzer 100MW_Oberdorf_D-LVL | B60: Hydrogen_D-LVL_Oberdorf | D60: =IF(C60="","",VLOOKUP(A60,unit!$A$3:$B$120,2,FALSE)) | E60: =IF(C60<>"",C60*D60,"")
A61: H2-Alkaline Electrolyzer 100MW_Oberdorf_D-LVL | B61: Space_Heating_D-LVL_Oberdorf | D61: =IF(C61="","",VLOOKUP(A61,unit!$A$3:$B$120,2,FALSE)) | E61: =IF(C61<>"",C61*D61,"")
A62: H2-Alkaline Electrolyzer 100MW_Town_D-LVL | B62: Hydrogen_D-LVL_Town | D62: =IF(C62="","",VLOOKUP(A62,unit!$A$3:$B$120,2,FALSE)) | E62: =IF(C62<>"",C62*D62,"")
A63: H2-Alkaline Electrolyzer 100MW_Town_D-LVL | B63: Space_Heating_D-LVL_Town | D63: =IF(C63="","",VLOOKUP(A63,unit!$A$3:$B$120,2,FALSE)) | E63: =IF(C63<>"",C63*D63,"")
A64: H2-Alkaline Electrolyzer 10MW_Anglikon_D-LVL | B64: Hydrogen_D-LVL_Anglikon | D64: =IF(C64="","",VLOOKUP(A64,unit!$A$3:$B$120,2,FALSE)) | E64: =IF(C64<>"",C64*D64,"")
A65: H2-Alkaline Electrolyzer 10MW_Anglikon_D-LVL | B65: Space_Heating_D-LVL_Anglikon | D65: =IF(C65="","",VLOOKUP(A65,unit!$A$3:$B$120,2,FALSE)) | E65: =IF(C65<>"",C65*D65,"")
A66: H2-Alkaline Electrolyzer 10MW_Oberdorf_D-LVL | B66: Hydrogen_D-LVL_Oberdorf | D66: =IF(C66="","",VLOOKUP(A66,unit!$A$3:$B$120,2,FALSE)) | E66: =IF(C66<>"",C66*D66,"")
A67: H2-Alkaline Electrolyzer 10MW_Oberdorf_D-LVL | B67: Space_Heating_D-LVL_Oberdorf | D67: =IF(C67="","",VLOOKUP(A67,unit!$A$3:$B$120,2,FALSE)) | E67: =IF(C67<>"",C67*D67,"")
A68: H2-Alkaline Electrolyzer 10MW_Town_D-LVL | B68: Hydrogen_D-LVL_Town | D68: =IF(C68="","",VLOOKUP(A68,unit!$A$3:$B$120,2,FALSE)) | E68: =IF(C68<>"",C68*D68,"")
A69: H2-Alkaline Electrolyzer 10MW_Town_D-LVL | B69: Space_Heating_D-LVL_Town | D69: =IF(C69="","",VLOOKUP(A69,unit!$A$3:$B$120,2,FALSE)) | E69: =IF(C69<>"",C69*D69,"")
... A75: H2-PEM Electrolyzer 10MW_Town_D-LVL | B75: Space_Heating_D-LVL_Town | D75: =IF(C75="","",VLOOKUP(A75,unit!$A$3:$B$120,2,FALSE)) | E75: =IF(C75<>"",C75*D75,"")
A76: H2-PEM Fuel Cell 1MW_Anglikon_D-LVL | B76: Electricity_D-LVL_Anglikon | C76: 1 | D76: =IF(C76="","",VLOOKUP(A76,unit!$A$3:$B$120,2,FALSE)) -> 100 | E76: =IF(C76<>"",C76*D76,"") -> 100
A77: H2-PEM Fuel Cell 1MW_Anglikon_D-LVL | B77: Space_Heating_D-LVL_Anglikon | D77: =IF(C77="","",VLOOKUP(A77,unit!$A$3:$B$120,2,FALSE)) | E77: =IF(C77<>"",C77*D77,"")
A78: H2-PEM Fuel Cell 1MW_Oberdorf_D-LVL | B78: Electricity_D-LVL_Oberdorf | C78: 1 | D78: =IF(C78="","",VLOOKUP(A78,unit!$A$3:$B$120,2,FALSE)) -> 100 | E78: =IF(C78<>"",C78*D78,"") -> 100
A79: H2-PEM Fuel Cell 1MW_Oberdorf_D-LVL | B79: Space_Heating_D-LVL_Oberdorf | D79: =IF(C79="","",VLOOKUP(A79,unit!$A$3:$B$120,2,FALSE)) | E79: =IF(C79<>"",C79*D79,"")
A80: H2-PEM Fuel Cell 1MW_Town_D-LVL | B80: Electricity_D-LVL_Town | C80: 1 | D80: =IF(C80="","",VLOOKUP(A80,unit!$A$3:$B$120,2,FALSE)) -> 100 | E80: =IF(C80<>"",C80*D80,"") -> 100
A81: H2-PEM Fuel Cell 1MW_Town_D-LVL | B81: Space_Heating_D-LVL_Town | D81: =IF(C81="","",VLOOKUP(A81,unit!$A$3:$B$120,2,FALSE)) | E81: =IF(C81<>"",C81*D81,"")
A82: H2-SO Electrolyzer 1MW_Anglikon_D-LVL | B82: Hydrogen_D-LVL_Anglikon | D82: =IF(C82="","",VLOOKUP(A82,unit!$A$3:$B$120,2,FALSE)) | E82: =IF(C82<>"",C82*D82,"")
A83: H2-SO Electrolyzer 1MW_Oberdorf_D-LVL | B83: Hydrogen_D-LVL_Oberdorf | D83: =IF(C83="","",VLOOKUP(A83,unit!$A$3:$B$120,2,FALSE)) | E83: =IF(C83<>"",C83*D83,"")
A84: H2-SO Electrolyzer 1MW_Town_D-LVL | B84: Hydrogen_D-LVL_Town | D84: =IF(C84="","",VLOOKUP(A84,unit!$A$3:$B$120,2,FALSE)) | E84: =IF(C84<>"",C84*D84,"")
A85: H2-SO Fuel Cell 1MW_Anglikon_D-LVL | B85: Electricity_D-LVL_Anglikon | C85: 1 | D85: =IF(C85="","",VLOOKUP(A85,unit!$A$3:$B$120,2,FALSE)) -> 100 | E85: =IF(C85<>"",C85*D85,"") -> 100
A86: H2-SO Fuel Cell 1MW_Anglikon_D-LVL | B86: Space_Heating_D-LVL_Anglikon | D86: =IF(C86="","",VLOOKUP(A86,unit!$A$3:$B$120,2,FALSE)) | E86: =IF(C86<>"",C86*D86,"")
A87: H2-SO Fuel Cell 1MW_Oberdorf_D-LVL | B87: Electricity_D-LVL_Oberdorf | C87: 1 | D87: =IF(C87="","",VLOOKUP(A87,unit!$A$3:$B$120,2,FALSE)) -> 100 | E87: =IF(C87<>"",C87*D87,"") -> 100
A88: H2-SO Fuel Cell 1MW_Oberdorf_D-LVL | B88: Space_Heating_D-LVL_Oberdorf | D88: =IF(C88="","",VLOOKUP(A88,unit!$A$3:$B$120,2,FALSE)) | E88: =IF(C88<>"",C88*D88,"")
A89: H2-SO Fuel Cell 1MW_Town_D-LVL | B89: Electricity_D-LVL_Town | C89: 1 | D89: =IF(C89="","",VLOOKUP(A89,unit!$A$3:$B$120,2,FALSE)) -> 100 | E89: =IF(C89<>"",C89*D89,"") -> 100
A90: H2-SO Fuel Cell 1MW_Town_D-LVL | B90: Space_Heating_D-LVL_Town | D90: =IF(C90="","",VLOOKUP(A90,unit!$A$3:$B$120,2,FALSE)) | E90: =IF(C90<>"",C90*D90,"")
A91: Heat Pump (air MFH 80kW)_Anglikon_B-LVL_MFH | B91: Space_Heating_Anglikon_B-LVL_MFH | C91: 0.08 | D91: =IF(C91="","",VLOOKUP(A91,unit!$A$3:$B$120,2,FALSE)) -> 44 | E91: =IF(C91<>"",C91*D91,"") -> 3.52
A92: Heat Pump (air MFH 80kW)_Oberdorf_B-LVL_MFH | B92: Space_Heating_Oberdorf_B-LVL_MFH | C92: 0.08 | D92: =IF(C92="","",VLOOKUP(A92,unit!$A$3:$B$120,2,FALSE)) -> 71 | E92: =IF(C92<>"",C92*D92,"") -> 5.68
A93: Heat Pump (air MFH 80kW)_Town_B-LVL_MFH | B93: Space_Heating_Town_B-LVL_MFH | C93: 0.08 | D93: =IF(C93="","",VLOOKUP(A93,unit!$A$3:$B$120,2,FALSE)) -> 537 | E93: =IF(C93<>"",C93*D93,"") -> 42.96
A94: Heat Pump (air SFH 17kW)_Anglikon_B-LVL_SFH | B94: Space_Heating_Anglikon_B-LVL_SFH | C94: 0.017 | D94: =IF(C94="","",VLOOKUP(A94,unit!$A$3:$B$120,2,FALSE)) -> 279 | E94: =IF(C94<>"",C94*D94,"") -> 4.743
A95: Heat Pump (air SFH 17kW)_Oberdorf_B-LVL_SFH | B95: Space_Heating_Oberdorf_B-LVL_SFH | C95: 0.017 | D95: =IF(C95="","",VLOOKUP(A95,unit!$A$3:$B$120,2,FALSE)) -> 530 | E95: =IF(C95<>"",C95*D95,"") -> 9.01
A96: Heat Pump (air SFH 17kW)_Town_B-LVL_SFH | B96: Space_Heating_Town_B-LVL_SFH | C96: 0.017 | D96: =IF(C96="","",VLOOKUP(A96,unit!$A$3:$B$120,2,FALSE)) -> 1714 | E96: =IF(C96<>"",C96*D96,"") -> 29.138
A97: Heat Pump (ground 1MW)_D-LVL_Anglikon | B97: Space_Heating_D-LVL_Anglikon | C97: 1 | D97: =IF(C97="","",VLOOKUP(A97,unit!$A$3:$B$120,2,FALSE)) -> 100 | E97: =IF(C97<>"",C97*D97,"") -> 100
A98: Heat Pump (ground 1MW)_D-LVL_Oberdorf | B98: Space_Heating_D-LVL_Oberdorf | C98: 1 | D98: =IF(C98="","",VLOOKUP(A98,unit!$A$3:$B$120,2,FALSE)) -> 100 | E98: =IF(C98<>"",C98*D98,"") -> 100
A99: Heat Pump (ground 1MW)_D-LVL_Town | B99: Space_Heating_D-LVL_Town | C99: 1 | D99: =IF(C99="","",VLOOKUP(A99,unit!$A$3:$B$120,2,FALSE)) -> 100 | E99: =IF(C99<>"",C99*D99,"") -> 100
A100: Heat Pump (water 1MW)_D-LVL_Anglikon | B100: Space_Heating_D-LVL_Anglikon | C100: 1 | D100: =IF(C100="","",VLOOKUP(A100,unit!$A$3:$B$120,2,FALSE)) -> 100 | E100: =IF(C100<>"",C100*D100,"") -> 100
A101: Heat Pump (water 1MW)_D-LVL_Oberdorf | B101: Space_Heating_D-LVL_Oberdorf | C101: 1 | D101: =IF(C101="","",VLOOKUP(A101,unit!$A$3:$B$120,2,FALSE)) -> 100 | E101: =IF(C101<>"",C101*D101,"") -> 100
A102: Heat Pump (water 1MW)_D-LVL_Town | B102: Space_Heating_D-LVL_Town | C102: 1 | D102: =IF(C102="","",VLOOKUP(A102,unit!$A$3:$B$120,2,FALSE)) -> 100 | E102: =IF(C102<>"",C102*D102,"") -> 100
A103: Hot Water Tank (175MWh)_D-LVL_Anglikon | B103: Hot Water Tank (175MWh)_D-LVL_Anglikon | D103: =IF(C103="","",VLOOKUP(A103,unit!$A$3:$B$120,2,FALSE)) | E103: =IF(C103<>"",C103*D103,"")
A104: Hot Water Tank (175MWh)_D-LVL_Anglikon | B104: Space_Heating_D-LVL_Anglikon | C104: 2.9 | D104: =IF(C104="","",VLOOKUP(A104,unit!$A$3:$B$120,2,FALSE)) -> 6 | E104: =IF(C104<>"",C104*D104,"") -> 17.4
A105: Hot Water Tank (175MWh)_D-LVL_Oberdorf | B105: Hot Water Tank (175MWh)_D-LVL_Oberdorf | D105: =IF(C105="","",VLOOKUP(A105,unit!$A$3:$B$120,2,FALSE)) | E105: =IF(C105<>"",C105*D105,"")
...

Sheet node
A1: parameter | B1: candidate_storages | C1: node_state_cap | D1: candidate_storages (MGA) | E1: node_state_cap (MGA) | F1: alternative
A2: node
A3: H2 Cavern 150GWh_D-LVL_Anglikon | B3: 1 | C3: 150000 | D3: 1 | E3: =B3*C3 -> 150000 | F3: MGA-invest
A4: H2 Cavern 150GWh_D-LVL_Oberdorf | B4: 1 | C4: 150000 | D4: 1 | E4: =B4*C4 -> 150000 | F4: MGA-invest
A5: H2 Cavern 150GWh_D-LVL_Town | B5: 1 | C5: 150000 | D5: 1 | E5: =B5*C5 -> 150000 | F5: MGA-invest
A6: H2 LOHC 7MWh_Anglikon_B-LVL_MFH | B6: 44 | C6: 7 | D6: 1 | E6: =B6*C6 -> 308 | F6: MGA-invest
A7: H2 LOHC 7MWh_Anglikon_B-LVL_SFH | B7: 279 | C7: 7 | D7: 1 | E7: =B7*C7 -> 1953 | F7: MGA-invest
A8: H2 LOHC 7MWh_Oberdorf_B-LVL_MFH | B8: 71 | C8: 7 | D8: 1 | E8: =B8*C8 -> 497 | F8: MGA-invest
A9: H2 LOHC 7MWh_Oberdorf_B-LVL_SFH | B9: 530 | C9: 7 | D9: 1 | E9: =B9*C9 -> 3710 | F9: MGA-invest
A10: H2 LOHC 7MWh_Town_B-LVL_MFH | B10: 537 | C10: 7 | D10: 1 | E10: =B10*C10 -> 3759 | F10: MGA-invest
A11: H2 LOHC 7MWh_Town_B-LVL_SFH | B11: 1714 | C11: 7 | D11: 1 | E11: =B11*C11 -> 11998 | F11: MGA-invest
A12: H2 Tank 16.7MWh_D-LVL_Anglikon | B12: 60 | C12: 16.7 | D12: 1 | E12: =B12*C12 -> 1002 | F12: MGA-invest
A13: H2 Tank 16.7MWh_D-LVL_Oberdorf | B13: 60 | C13: 16.7 | D13: 1 | E13: =B13*C13 -> 1002 | F13: MGA-invest
A14: H2 Tank 16.7MWh_D-LVL_Town | B14: 60 | C14: 16.7 | D14: 1 | E14: =B14*C14 -> 1002 | F14: MGA-invest
... A41: Vanadium Redox Flow Battery 2MWh_Town_B-LVL_SFH | B41: 1714 | C41: 0.65 | D41: 1 | E41: =B41*C41 -> 1114.1 | F41: MGA-invest
